{
  "Power User: Tab Switching": {
    "mean": {
      "numNetworkReqs": 54.875,
      "inp": 320.98750000447035,
      "inpCount": 8,
      "renderCount": 541.75,
      "renderTime": 979.2874997891486,
      "averageRenderTime": 1.8072011439226028,
      "interactionLatency": 3729.875,
      "fcp": 263.92500000074506,
      "tbt": 698.375
    },
    "min": {
      "numNetworkReqs": 49,
      "inp": 197.90000000596046,
      "inpCount": 8,
      "renderCount": 540,
      "renderTime": 601.8999996483326,
      "averageRenderTime": 1.1146296289783937,
      "interactionLatency": 3095,
      "fcp": 150.09999999403954,
      "tbt": 380
    },
    "max": {
      "numNetworkReqs": 60,
      "inp": 534.7000000178814,
      "inpCount": 8,
      "renderCount": 546,
      "renderTime": 1376.7999997437,
      "averageRenderTime": 2.5449168202286505,
      "interactionLatency": 4440,
      "fcp": 676.3000000119209,
      "tbt": 1090
    },
    "stdDev": {
      "numNetworkReqs": 4.013648589500581,
      "inp": 101.3833496878892,
      "inpCount": 0,
      "renderCount": 1.920286436967152,
      "renderTime": 252.76938809797346,
      "averageRenderTime": 0.46542698953628203,
      "interactionLatency": 401.4459607157606,
      "fcp": 172.94946335974626,
      "tbt": 248.6608822774503
    },
    "p75": {
      "numNetworkReqs": 58,
      "inp": 400.40000000596046,
      "inpCount": 8,
      "renderCount": 543,
      "renderTime": 1247.0999996960163,
      "averageRenderTime": 2.2966850823131058,
      "interactionLatency": 4180,
      "fcp": 375.5,
      "tbt": 954
    },
    "p95": {
      "numNetworkReqs": 60,
      "inp": 534.7000000178814,
      "inpCount": 8,
      "renderCount": 546,
      "renderTime": 1376.7999997437,
      "averageRenderTime": 2.5449168202286505,
      "interactionLatency": 4440,
      "fcp": 676.3000000119209,
      "tbt": 1090
    }
  },
  "Power User: Account Switching": {
    "mean": {
      "numNetworkReqs": 127.625,
      "inp": 3.349999997764826,
      "inpCount": 0.5,
      "renderCount": 254.375,
      "renderTime": 281.32500007376075,
      "averageRenderTime": 1.1052987452488812,
      "interactionLatency": 5026.25,
      "fcp": 4238.333333333333,
      "tbt": 14.875
    },
    "min": {
      "numNetworkReqs": 112,
      "inp": 0,
      "inpCount": 0,
      "renderCount": 251,
      "renderTime": 228.00000002980232,
      "averageRenderTime": 0.9011857708687839,
      "interactionLatency": 4899,
      "fcp": 174.19999998807907,
      "tbt": 0
    },
    "max": {
      "numNetworkReqs": 142,
      "inp": 26.799999982118607,
      "inpCount": 4,
      "renderCount": 258,
      "renderTime": 332.0000000298023,
      "averageRenderTime": 1.2918287938902815,
      "interactionLatency": 5166,
      "fcp": 12324,
      "tbt": 63
    },
    "stdDev": {
      "numNetworkReqs": 10.896530411098755,
      "inp": 8.863266886152664,
      "inpCount": 1.3228756555322954,
      "renderCount": 2.394655507583502,
      "renderTime": 32.55482874090419,
      "averageRenderTime": 0.12130692880648,
      "interactionLatency": 80.61908893060006,
      "fcp": 5717.456181049625,
      "tbt": 19.958942231491125
    },
    "p75": {
      "numNetworkReqs": 142,
      "inp": 0,
      "inpCount": 0,
      "renderCount": 257,
      "renderTime": 325.60000017285347,
      "averageRenderTime": 1.2620155045459436,
      "interactionLatency": 5132,
      "fcp": 12324,
      "tbt": 28
    },
    "p95": {
      "numNetworkReqs": 142,
      "inp": 26.799999982118607,
      "inpCount": 4,
      "renderCount": 258,
      "renderTime": 332.0000000298023,
      "averageRenderTime": 1.2918287938902815,
      "interactionLatency": 5166,
      "fcp": 12324,
      "tbt": 63
    }
  },
  "Power User: Network Switching": {
    "mean": {
      "numNetworkReqs": 33.875,
      "inp": 5.7249999940395355,
      "inpCount": 2.25,
      "renderCount": 43.75,
      "renderTime": 180.82499996572733,
      "averageRenderTime": 4.244794539330728,
      "interactionLatency": 61524.75,
      "fcp": 2645.7400000035764,
      "tbt": 2.375
    },
    "min": {
      "numNetworkReqs": 9,
      "inp": 0,
      "inpCount": 0,
      "renderCount": 16,
      "renderTime": 64.79999995231628,
      "averageRenderTime": 3.822580644680608,
      "interactionLatency": 47343,
      "fcp": 148.59999999403954,
      "tbt": 0
    },
    "max": {
      "numNetworkReqs": 59,
      "inp": 17.799999982118607,
      "inpCount": 4,
      "renderCount": 62,
      "renderTime": 257.7999999523163,
      "averageRenderTime": 5.043749997392297,
      "interactionLatency": 70077,
      "fcp": 12337.40000000596,
      "tbt": 11
    },
    "stdDev": {
      "numNetworkReqs": 20.170755439497054,
      "inp": 5.849946574202524,
      "inpCount": 1.8540496217739157,
      "renderCount": 21.510172012329424,
      "renderTime": 84.32908380187455,
      "averageRenderTime": 0.3688627760909521,
      "interactionLatency": 10920.308887000403,
      "fcp": 4846.576670848406,
      "tbt": 4.181432170919432
    },
    "p75": {
      "numNetworkReqs": 57,
      "inp": 9,
      "inpCount": 4,
      "renderCount": 61,
      "renderTime": 257.60000002384186,
      "averageRenderTime": 4.506249999627471,
      "interactionLatency": 69998,
      "fcp": 383.90000000596046,
      "tbt": 8
    },
    "p95": {
      "numNetworkReqs": 59,
      "inp": 17.799999982118607,
      "inpCount": 4,
      "renderCount": 62,
      "renderTime": 257.7999999523163,
      "averageRenderTime": 5.043749997392297,
      "interactionLatency": 70077,
      "fcp": 12337.40000000596,
      "tbt": 11
    }
  },
  "Power User: Token Search": {
    "mean": {
      "numNetworkReqs": 2.5,
      "inp": 159.90000000223517,
      "inpCount": 3,
      "renderCount": 26.625,
      "renderTime": 82.0375000052154,
      "averageRenderTime": 3.0794531951239126,
      "interactionLatency": 10970.25,
      "fcp": 7209.785714289972,
      "tbt": 0
    },
    "min": {
      "numNetworkReqs": 2,
      "inp": 0,
      "inpCount": 0,
      "renderCount": 25,
      "renderTime": 73.40000006556511,
      "averageRenderTime": 2.823076925598658,
      "interactionLatency": 10930,
      "fcp": 119.2000000178814,
      "tbt": 0
    },
    "max": {
      "numNetworkReqs": 4,
      "inp": 1254,
      "inpCount": 8,
      "renderCount": 28,
      "renderTime": 93.09999996423721,
      "averageRenderTime": 3.4481481468236006,
      "interactionLatency": 11012,
      "fcp": 22993.80000001192,
      "tbt": 0
    },
    "stdDev": {
      "numNetworkReqs": 0.8660254037844386,
      "inp": 413.5652820285393,
      "inpCount": 3.872983346207417,
      "renderCount": 0.9921567416492215,
      "renderTime": 6.533555213328956,
      "averageRenderTime": 0.1895695783171817,
      "interactionLatency": 27.334730655340287,
      "fcp": 8627.919655803582,
      "tbt": 0
    },
    "p75": {
      "numNetworkReqs": 4,
      "inp": 13.100000023841858,
      "inpCount": 8,
      "renderCount": 28,
      "renderTime": 88.60000002384186,
      "averageRenderTime": 3.244444446431266,
      "interactionLatency": 11003,
      "fcp": 13894.90000000596,
      "tbt": 0
    },
    "p95": {
      "numNetworkReqs": 4,
      "inp": 1254,
      "inpCount": 8,
      "renderCount": 28,
      "renderTime": 93.09999996423721,
      "averageRenderTime": 3.4481481468236006,
      "interactionLatency": 11012,
      "fcp": 22993.80000001192,
      "tbt": 0
    }
  },
  "Power User: Tokens List Scrolling": {
    "mean": {
      "numNetworkReqs": 25.375,
      "inp": 558.6125000007451,
      "inpCount": 0.5,
      "renderCount": 458,
      "renderTime": 2571.637499973178,
      "averageRenderTime": 5.5287294101278475,
      "interactionLatency": 12688,
      "fcp": 4726.29999999702,
      "tbt": 2614.625
    },
    "min": {
      "numNetworkReqs": 13,
      "inp": 0,
      "inpCount": 0,
      "renderCount": 410,
      "renderTime": 837.599999576807,
      "averageRenderTime": 2.042926828236115,